{"cameraMode":{"drawMode":0,"name":"Shaded","section":"Shading Mode"},"sceneLighting":true,"audioPlay":false,"sceneViewState":{"showFog":true,"showMaterialUpdate":false,"showSkybox":true,"showFlares":true,"showImageEffects":true,"showParticleSystems":true},"in2DMode":false,"pivot":{"x":9.333488464355469,"y":3.493610382080078,"z":6.965418815612793},"rotation":{"x":-0.32185789942741396,"y":0.40305471420288088,"z":-0.15392866730690003,"w":-0.8427694439888},"size":30.450082778930665,"orthographic":false}